frame,type,left,reference,left_label,reference_label,iou
adasind_258420.jpg,extra_annotation,3,,Car,,N/A
adasind_258420.jpg,extra_annotation,8,,Bike,,N/A
adasind_258420.jpg,extra_annotation,9,,Bike,,N/A
adasind_258420.jpg,extra_annotation,10,,Pedestrian,,N/A
adasind_258420.jpg,extra_annotation,12,,Bike,,N/A
adasind_258420.jpg,missing_annotation,,5,,Car,N/A
adasind_270517.jpg,mismatching_label,7,6,Bus,Car,0.873
adasind_270517.jpg,mismatching_attributes,3,3,Bike,Bike,0.854
adasind_270517.jpg,mismatching_label,8,5,Bus,Car,0.590
adasind_270517.jpg,extra_annotation,5,,Bike,,N/A
adasind_310008.jpg,mismatching_attributes,2,2,Pedestrian,Pedestrian,0.754
adasind_310008.jpg,mismatching_attributes,6,3,Pedestrian,Pedestrian,0.711
adasind_310008.jpg,mismatching_attributes,4,4,Pedestrian,Pedestrian,0.649
adasind_310008.jpg,mismatching_attributes,3,5,Pedestrian,Pedestrian,0.638
